uid,name,hash_ids
U02L0C4KF,ipa,e8b6a4a1af7b640477ad9fdf60017358
U02G2US2Z,clkao,84bd710f9e1bc29be58c6e1505f9635b
U02G2SXKR,yhsiang,26e68682aabaa99ac1a9ab79c36146ca
U02G3TDSN,hlb,754ba4180efca983c643133d172aafca
U02L20GSS,lee,4cb800f3cc39260774c069a81b5ad477
U02L0CLGB,miaoski,1ab3a093cf7146a15472ccfb92e66359
U02L27CGL,moon_c,24a6ff02ba6132c7ae78a9ab386ad832
U0381JNK8,kiang,167ae0b31e17a29f1bd62ebe18a036ff
U03863ASV,unknow,cb95b3c2c7eac54fcd597b15bdd6b590
U038BSCK3,t0mst0ne,94df8cc0bfbd470466bc4fed0531c846
U03809LFX,pofeng,101d7878bcc2a3bfb646e86e03ebe448
U038N17U5,seadog007,91f7dc5a75e0bbc485ea0454124486fa
U038TMRSJ,mingtsay,e7e4c75b8fb3781542a195d7ba8bdc31
U039165F5,wildjcrt,a5a9d54f92e5ee08f871ba4c1a6ec50a
U0386P5ME,hychen,4f0a600d3abc8e632eedd090b00930b5
U0386UWPN,iflin,0488e542baae9ec0c7019aea0c80e8a6
U0393RHHQ,ashira,ea2e852e3e123ce7b37c3f34ef618a79
U02TZR29L,a0kman,220a0f7cf83ca92e1a4357ae2417079a
U02L41ZN5,tuiry,42b72e92ef4c6999242e41fd85bf4f48
U039CG5S7,mrorz,9798748b46fc22dd2feafa9266957b4e
U0386P83G,a0000778,8a35626dff754dece4e7c8779d83a2bd
U02L2MTRN,lanf0n,b5a2839f4bd8218865bb55f8f32b8441
U0385MDDH,suensummit,898f092df40e72c3d5e63282aae9ce4c
U02L227QC,acechen,6302fd2518ce40e58b0aa12d1cd8fa26
U03B5JRR9,wildsky,009ccd0197e531b6878228e0e406379a
U03B2AB13,yutin,bd422f02c3c6dd8e9188f45adb8e00fe
U02L499UT,caasi,2c85ab73601a8e7aeb14c9a45bceecd7
U039PE32S,chadliu23,f08ca0946e057ff7070a362364a32919
U02Q8MNNX,stella,b45f0557b5f8938c267f9b3f0f37c43f
U03859W2Z,johnny,320647bdfd66b2c6a79adfed860289a6
U03C02472,kuochunhung,f63c71793d28ccdbc384f92c237acd3d
U02LCSBBQ,jimyhuang,e5f5e3d408ac494cbef860918f3d998e
U02NR1LC5,rschiang,a5aad69300a5bb12f4ec37ae653c1aad
U0386SB86,soidid,ce8e754ca401c87ae542ceedb662d496
U03EBA29W,yapcheahshen,38366d853e29fb65d491cdae051c4fbe
U03EGLSTP,mgdesigner,eb4fcaabd9c1331547c99db989f4a87e
U03CX883V,chihao,fb9f0be9ebd6817f1b3f6f6b3ca67004
U0382C98A,poga,1e7dedace82a892a00ddb803b49f217d
U0385RQB1,yurenju,2b577fbe7bed07a098faf00e7cd9d740
U02L23AAU,muka,1ae9da6fc7c8a346dd947cca86c57d41
U03GVGM97,water.su,e69c4694d55aab3b1432d103a5635ef9
U03858CEZ,c9s,1e939a0809822da4b415b34fb1c5750f
U02L4TQNW,alicewei,5f3f8faca00d3f3bf445cb3f3c26257e
USLACKBOT,,51315aff2a2f662041878b254d9a6f9f
U02QD0S9M,macpaul,874169016a8ea4ce672cc286bdf3699d
U02RRGMJ9,tkirby,9d6b9dd9fdd353c81f57abb5f8aa3921
U02L4T467,etblue,2361d47e67fcf007cf3ddceb0d088543
U02L29KSW,au,1c4356b267331dd789e3ea505291e382
U03CZFD5D,timloo,bb2eab1f365d516ad76c45e14ad51393
U0385T813,michael_li,87637c67f5bdcdea75bdb7407a2561ab
U03BPQ1ND,muan,3c10be5b40395226960a24a0dd4cf6c5
U038V1ZMF,dirty,a8e6090cfa7c9074ccfce39353d9270e
U03T2S40P,muyueh,6841f8886dd2c16c54eff2d116455a93
U03TH0H3C,jung,a7bc3043628f3f15a9842d6931d17d9a
U03N5EZM3,vivian,daad2f2f0d5fef4319592ab3fca206a1
U0387784L,zorro,317700f3b3a767bc4c78a8876a0c77b3
U03CYVC74,noracami,19ea2586186e7ac87e1eafeb6215bb32
U02L20Y82,ballii,ef1a79768fbc4946f82f8a135b310d66
U039K9UR5,billy3321,14599940eca72e9b5688ffc9e7afd8a6
U041R9Y04,jctw,72207c2ec373289da920c7223fd23cf0
U03VDBALP,evan,8f213049ab451a9d16888a0f134ee767
U039CG4TP,lancetw,976fa8da528340c818489edd24fc07f6
U043RT8ST,shawn111,804302efbb58ffb0feb67d97b6e613f7
U02U9H0GH,ttcat,9b54178e1783de7f67a85e64343f97ac
U03K5SGKT,mlwmlw,fdebd41aa546cc246202a27be2941ac5
U04A2PUQ1,dustinul6,cca72dbfe48e020a1926c83b0529ae28
U04BNJPKU,transedward,a4e4342ed44398d7d97630a4e0d367f3
U0385906H,ddio,fa6791a230909fb34e051a44141d1619
U02U60BL5,shelling,aaa2ead5398d5249547324657bf9a2a6
U04CQ05UX,arlo,eaeb85ee32ca70783cd19b6fcd8d4022
U038ERME5,b2,d71eed9161879d49b8f92b9f9d5de109
U03E7DW14,michelle,025e3bf7f5e4f77c4b8852909a6ada45
U04AJD6TH,wonder,63091a3f58086bf38cd0c919594631b0
U04GQ9X4G,edwardlo12,647b150d4fcb497750f74ae931e0128c
U049J5YAP,rick68,8c1db78f35f8572ed2326c634255dda7
U02L3KEE5,shadowcrow,8b1d29208ad6d8bd73fdc9a71f5946db
U02L0DAQ9,lloyd,99ba9c63bcc5d9f75d6bf16761fa0bbb
U03SJRRE6,nchild,7e4e7bac13b9a1791d982c9b1d70f5e8
U049GSYAH,timchen119,ba9ca0dff9161a22c66a4eda9757e4a5
U049WV7UT,chusiang,6d06569552c5272dbaca84e5e31eba57
U038JS14F,mitsunchieh,24b52146e8635a968a0d5a79e3bdd168
U04TBQDFA,timdream,c439b3d9757babf85d8cf8c7bcf51330
U04PARB2X,jme,04bb9a71365ebb515132ea899a974d7f
U04K8HS89,lydian,0f98537b37b821528de5512000a187df
U049Q92FF,hohsiangwu,ba89aad1a30f1cc17c9d96089da77824
U051GLK87,dryden,c85ac6ae14de9003c027b8c6146192be
U039PCHBD,ginger,70820a6881f3a92f62bfc5dcf4f0895f
U050UT2GC,donna,123948bf329e47fe1354a62922c9a299
U050V0RDL,risajiang,88aab4f138f05aca112b2073f3a33db4
U04CHDGMZ,yoyo,f1d24dc528e1268895d2dc026af36157
U0388GS64,superbil,407f5b31749812c4a2322086a8e75ca2
U04HU4MT5,kcliu,937ccfc602b0983480ad764901c443ca
U051HABBB,theacat,78f8a997ddbd133caac7563123b9e7b6
U04G4JT1K,pleedesigner,4bfd1416af913155c2ff6780fa75fbde
U051HHG1H,thekelvintw,b4c8e51fb6b7b0e478fc6cca793d4fed
U053NC5LW,joanchang,0c595c2f23ce787d193061551b01cc9e
U04HU4ZJ6,chihwu_c_wally,8e6a1dec294487a776d99bb3a1d53a86
U02L20T4J,shuhua,993240ed3cdf47a271cf570abedbfcf9
U046U7YB1,sakilu,25fbe8b5407510e9ef5afa582fec57b0
U055VNE1K,motionman,095e2f22c02af8b0547b6d3bddaeaf6e
U06ATAV6E,agrozyme,045e09380bb5a03eb537f89627a61e59
U03871H7Y,silvashih,da2699ecbc861e3e6d141137f22d0c69
U03H026LC,nktx,bd47f4ddead6b62caac67c64912c134e
U02TNFRQR,mousems,68671faee193d15fefd3eead8ad131cd
U06UE708G,gonsakon,d871ad3be0b3fcb28c40cb9a9bda179c
U06ULMU5U,shufang,b8e2a86be8e86df197ba95ce5755f645
U038DCDRC,ronnywang,e27cf8e25a86bbde87ddf3bdb0dd61e2
U03BW314P,monaludao,0de7c122e4e91789efb60cf7649dad5f
U038LUNUT,fourdollars,86f996b67f8e9469a7d11e9887e1aa5c
U054TSQ8P,eric,d1fc9f67f0dfd57e5c78d42ec9f6b63f
U06QK6R55,coolthor,a662758ab6566981429115005c0a79b2
U0384RCFD,pm5,c05f33f16146d70ab5a90522da7e6530
U04EJ8N6N,tim,b754e1c50fed34991c4f3604a7746ac5
U02L0NGRD,ymow,40db0eae0b9dacbd6bcbcaff95d496bc
U075L2KBN,bobbyho,3ffa84ffee394c3c43869d4cf6b5db59
U07S0CZUM,saul511,874066a701d644f8abe5d8126b004ed3
U06AMGEQY,jc,59df7640e444688bfd71bff408e2eac8
U06QG42KT,singing,0ac8407d8b1bb2256e1b5d05b67ba895
U08FWUXJN,victorlin,f5d228a208b26c47dedbb7a60ea75e28
U02L4CGA8,jbytw,8d5f75c8d1a578ed60d688fe190a4a47
U08BU9LEL,a782212000,0fb499d2dc67f09d7ca4f2a072f5be1c
U02QK1Z5Y,hcchien,4c4dd8463b8e3c2fd5531121b3eb19e4
U048XTN5G,christinesfkao,8316b15d3ed9fb6c57b7797d60086ee4
U06A3Q5C1,formotse,2c1a039c7a33169f13016935e440c054
U03M8SS51,lafin,cbc3315929f36e271e9b23ea87621be8
U09JTUS79,bobchao,35e92cae6aa921d41c5004167bbe732f
U03JEEZQT,motephyr,1d60562deb20620f5a508d1f4d6e9b6b
U02G30WJT,gugod,f651ed3f171dd9f20f0647e4b14ee4f1
U09SYSD41,microwind,70a6b0ebdb045d81450176e5a83c7164
U09SZ7V2S,lafudoci,a83af17e9c303d6563d945b4edd82025
U09RMUC0N,weiting,419f8423b720766809ff4af30935821d
U070JFRTQ,antyo,a9b6fadc6167d55ca9cdcf52a53dcddf
U0A1MFN2Z,liming,0f0a9ff0b8c0a7e03f6317949ce47805
U09SYH6NN,ken_lin,cd692aaef569159940fd406e8defe663
U08MNPQRJ,edward.lee,f3e05e87d8d3512528f952ec0c063637
U0A1GAURH,tonyq,d7686f062d2f9501ca0dba19ef075399
U04537GEE,kevinphy,e400201009b105cc21fe02597cdfb12d
U0ADVLQA1,kid_jez,91d8ef8208199b401a7ea8d5447afc0f
U06UW137G,chewei,0f7b8a8ed37ad485a1e4ffc56ca14ab0
U02TQTQEV,davihuan,2fc032f593999cdc0cb174790194e110
U0B9UURV4,sogahuang,8bee12a4964349d1436022b5bebe6b6b
U03A4H2KC,yllan,2f13f7ece8f2e9500a3f6afaa93f12be
U0BFQRWGZ,peggylo,0dbf372d20c98adb09385c2b24781b3b
U02L0MGGK,pipi,a0b23678ced7a9b8b5fb48f01b401661
U0BTZMYN7,xinxinjin,a4e14d35a7647345631eb3c04fd98ab6
U0D4DFS1L,jackymaxj,a40cea870cb4318798e8a8435d6cd1d2
U0D0LA6HL,lukas,c54bf8aaabb5f63986d7444a40badad5
U03CYSL86,fumi,d6c3b7a7740e63ce27fdab0118eacd4a
U0DBFJVHC,iflin_2,0ccec2a6760047524d652c46d49dd9ea
U039HQYMA,liangcc,b903889661d0d0e599c907ee3898ccc5
U0D473PD2,wilam,725641ea3caf22a7eeb7402a291799b1
U0C89GU3D,jcskyting,890e049cd108c2884175eeabee6aaf63
U02TX528C,pellaeon,c6481cd58a30d6266c301b01ee61f649
U0FBPCQ05,chiahua0515,a4e93239ef0c098699bf8c2dafe86bf7
U03M6BCP9,mr.bigmouth,9e44039d0fab245af829c883fb5740d5
U0748B74J,james,479106ab5aee31a8f4dbece13ed70b29
U0H6SJCD6,charl,4431cdd109f420fe2cef1baceee6d563
U0HB5AQJW,gavin,b19d2dfe9ee08e1f535b0fb8b2bff0a1
U06UFNWMQ,jeanwang,84948dad0e79ca40f8eb9701e54cb16e
U0HKHE66M,cjtseng,30c3560e01e42af4dc3081a3f40fed5d
U02QC0L0X,wiltchen,51784015ea0144761b1756b3fd1b8f18
U02L0J1AH,nfsnfs,6619a2712f9a55fc7b75088fd4d68734
U03JYN031,tommy87166,80d5c0884ee4a1dda5fc1ce45a4f48dd
U04GPSJ5J,junsuwhy,fdad49f2ea9cd9f0a0719f8fea03319f
U0H3T60RG,howl,ddde76a08a81927415b8946c51bee55f
U04LY8EN9,yellowsoar,4ef17b251ea9374943ddd4735fde8f4b
U0A92EMDY,tka,fb1c64334c054155443a87bfa80bd271
U0LCBKBLL,chuanzhe,4396d5bfc6530536127b35503d9b2dce
U0LG6J62D,littlebtc,1e576e1fcf7f2674bb9b1a86c3a9c3a9
U0510FVAW,leo424y,1f243c6d44eb48825b3eca46c9ab22fb
U06NY1CU8,liz,f6d6f8e67f83d524f4ba2ee628df7fc6
U0DDGDUAH,ting,e96b249cb101f7f17ae3bf56cb5e21f8
U0N97UUKW,a-chioh,fc5663530f6231aa243d4498e960cc84
U0QLAFGTW,othree,bf40cfa14fd3eeae392b492dc66736af
U0QH7TQTD,hanrulee,a9f02a9683184253d06a1d8cdee4c459
U0QLM54J0,hucare,882cb96e4980a622e05c5f9e3e66c04e
U0N97N2MA,sing5hong5,c0b7c52c2b8aa83c2630a0d2f128ea5d
U02LBSM5S,solring,f75b14b08edabf6b90681a75914b957f
U0T9G41SQ,anson,71de3425b05720f3a53e996fea6aeda1
U03MFRHB7,chilijung,6c6f628d3c9ef5adc2fb3b8e4d1f5275
U02L3QDKM,isacl,a0771385a561b2f74f916259fcf71e3c
U0V48DD17,wangseal,b53232c89ccdbf6e427d6a9eb5a58ce7
U0N9E8NAJ,simonx59,77013168ea6ad602208ca124c7442fe3
U0UDS5B4P,linroex,aa137d792c785a94d1f933124deeba2d
U0W3L2SM9,asper_hsu,c9c191dcb8ce883977bc71c40257bbc5
U0385ELED,yayared,02558fc337b1acb675d2e592acfb3fec
U0A7S3R25,immortalmice,2b03c73251aa6d372e6073159b0d37f0
U0RDYM28Z,dongdongchen,8e3de849c95f99dc0656fa6799c9f023
U03C1HWBN,meisheep,13128d8527571a19edb7ca1c1f2deb59
U06UFJCP4,jslee,d2327fa1e223ed9ba8a6eb7e92bae430
U17DRRGJX,mizuho,8e51957b918d631d8aa8e176d05cbcec
U0MUB9NQ6,leonlin,d5cec2cc25171f99445c0507313c1631
U0E06QH3N,pennyken,0228c4f951db1a591412c1c7998e5d6b
U12HXHQP2,hong,7b8a57430732735f12695729673390d3
U051C38HD,even,5889c4930b5201950be5c85238e148fc
U0JMMMA9W,void,36f41baa606fd591d358fb68c82420c6
U06UR4XNH,shao,389387d94a342888fc1c31eefb589479
U18TG5LSK,wesleylee,d5555bd272cdcf22dc804800d649616f
U18TRCSFL,wolfyxliu,eccb1c32f11c148a736dce2e72529376
U03926ALC,irvin,0d1867a813a9d772e40111c72773c927
U18TL7YQ1,abolalee,9c6ea78ecfe339ae39050768791efe8b
U18U18K5F,shanblue,5e5243ef052a6dca14d27b55181ab390
U16KXK8SE,konklone,7ab6f1580157a7fd5628e03c65c59fdd
U0HBF6A5B,bobbytung,b2d77f86a3d3a75697bea20f7fffe4e4
U0D4NJ73J,mh,cf6fb0291389fcfa0416a62338562ce5
U039SS13E,charlesc,a3be420784f331c27e2fe27282029cb6
U02L3H7EV,starsdog,1efbee99cfc98b1a90bfa7333b9bfa57
U190X3AP8,cclien,f6402cd72d8810298ae732682eae25ee
U18TW1EJ2,claudia1059,29cd943fd7ec51b786fb1bb735568e91
U18TR3GD8,troisliu,ce5a2f4d5666c78b100f8bf3a25a909c
U0QHGPRPD,leo,d69ddb93e9fb84c106d7723650da7611
U02P0AVGJ,grass,c2f35a5d6d6e3bb083a87ac2d78345b7
U09AH9WJV,alcho,c398a0b6da214b708205051c169191de
U19227DFB,swattw,c169f7955628f7ae409b889ff5dfdd93
U0H65FV2R,shangkuanlc,466162ae113f4951710fb767d1def879
U198ENW72,leanbot__dark,dbb77671e8d9cbad715634ccc8b7bcd0
U03GQV2CC,jedi,952d25ef08b711e4440237690fc0bd55
U0K3ZTGBF,ryoko.kuo,ca313001f012e89aa933d7f0908fc196
U07146L5S,lizbarry,21a9306f29a18b179f783ce9b305c65d
U0CDE5ATS,ryus2002,195879feecde4290b5fade82aeee7340
U1AUMPC00,jwei,7cc0afdcb8fb89693f569201cb535ba1
U0PAZH2HE,juanna,230059e836c0c5dba9390ac53a090abf
U11H8AWJ2,viktor,3b732ed7c12d3a63f65aad7f7080cedc
U038VATCC,pcchou,0555deda34bbf1563e37b4d210d020bd
U049HHTKV,mrcow138,40043f3593802dcec3ea91103218422b
U18TP31QF,jianhuahe,ff766d868cff11dcc451109245185937
U0ZK9203Z,wonderchang,88011b4e82e6af86c4dc76d129ef4029
U1PRVGQP8,chucklee,7e8cf27062546323e3f8350467d50f6f
U1GM9C908,yahhayu,e5b2533b58802c7106f0e58c7ba27750
U191A5AKH,oobe,65a71cd404ba71eb5465b35463e8b8d9
U1RLT0P4G,cade,1cd77046e8bd56082149047f92bdceaf
U0385FV89,nell,82cdfc724caa594cb1b5864412dcbb01
U053X8502,andy,844e264afb36701666e184314c2d9d2b
U03LV4PEV,aweimeow,ed37a201a4b1d354b8050284394886fa
U1J5J54DR,davisfreeman,0e385cd14712e6a1bb70d4b0b144ab05
U186RDEG0,allanfann,36ce53e7400298db10391de418ec07bd
U1EBSSGT1,jochiu,0740083decb9e4fb85733d318b77b557
U04F60PF5,ben196888,f2719aea8fe1e2635276ca4f9acc4907
U18TE8K6H,hankkk,98bebefa7853837fb00175cbccbce938
U070UN657,frankyu,6cba1eb1af4555339f0138acc06ec31d
U04FPT0S6,glll4678,849b316522838eb53d983ec398df72e6
U1J3J4N12,ellen,7bd5ed33d795fa277771cab986fc1d5f
U25RKFWM8,ifanchu,dfaed4dd3d849a4e679359a300867e67
U04ESACT2,yukai,f14493dc7c256e8d2c1d0e53e5584800
U04BNF6GY,qerter,56199be64374ce25055b7f4db36bbdcd
U04SW6MJB,merace,12d0eb3cab67ee9931974a3025d3f914
U2A73E3K5,qqaz711,0a547f3287b6b6ce5f8825acfd13bf9a
U084PRFHN,mglee,5f3bb4667138dfd4d9b6d08427dd50f1
U0HMMSCD8,jpomichael,d3a5f494811704c2212fcc365b56a3bc
U06UG1QBX,slayer,423dddcfc14b2bea2bec68bf096ffbfb
U2HE5M4QM,vic,01082afac56bb005b1103ec7c21cabd0
U2PU06BN1,maxogden,9b86dbd64e611d0a62437e5e40e02e5c
U2VCK4F51,yiji,53621887de11c2afb3a6b42a601e5641
U0388LH6C,hsiao-a,e7aea5f8ba3a1559e0136d58bd00a41f
U2YT05V8U,edsolitude,307daeb8fa33b0b3775834692c7f966c
U0RQYV16K,aelcenganda,b99a24f6224e9d7485af1160fbbdd12d
U03D59LLR,canadian_aaron,8911f9fb05c068acecb87e570e494ffe
U18TR9ZH8,liuleecheetah,0d1ccf3a8999dac72421b749d73dbf3d
U36RBHREU,typingmonkey,4250a425dbcec802e3af2be477cabbc0
U02TX1ZD2,tammylan93,49ed2e0f61b1a2c8285643cef57cf45d
U3G2BLN02,mose,89e94d6b8a29fdf0863d3feff614b0e6
U190XFX8W,jsl,d8341bdf25f397db4485f5287a859f1e
U191C8ZMF,chihchun,d796981beeabb44879e649ed0943f85b
U1CEFLGKV,zanhsieh,4f64ae65da24515f75905070b65e806f
U03HEA70X,tnlin,05c85b2c561ef81e3b4e0776126dc60c
U26DLV7T8,ricelin,a69f039ed9f491cfbcde9e1b37547ad7
U1A2MKE1W,ch,cbab3f631740cd76c3126189caaca84a
U038JQFE9,ggm,7c0b70f2d66cbd67e15577f7d194da55
U03HEDMJQ,lucien,512528dc3144b840240ae6fe85fdeb09
U06UGQJG1,otomesound,5d2b68621c6e27b0bf26f7dbb3e6e7ad
U3S9PJSUW,sayuan,61049e2f3f5bb78a080331cb07bb30ff
U0A68TYCR,pichuchen,66ac689886c8bc2f3fcf6374e92609e7
U3Z5P8V5E,wumini,6d826a125d9ade8cf4cae23ca79ff2cc
U387RA9L7,hinet60613,b9c36ced89ac776f03c841e6abc951a3
U1UJAFPCK,littlepah,b2678187ecb91857a66c801e4445baf8
U4D5MR8UW,ellenpost,dbea97bf49ad78b68a17b0c352cd6b64
U2TJZTY7P,afi,52dab8167244a197acccc8d249ecac7e
U2PUXG69E,sylin,9d1c32ed472f946c4a8043c5cc7cb80a
U094X0XMK,csc,cbf56883b897d39c15efd116a02403d4
U1HJ8FJJJ,bil,dd4cf412467b2f4a44efb3f9c79ffe0e
U4D641UAE,mamonster,38bcef27c823508d8dccc3af45a07852
U107H5NG6,nana,68b667868525366ec81244991bc7a4e0
U18TFF5QF,hazelwei,a09df00e296b462c02bbcaf1ee6b46a8
U2FFX8AGY,ooookai,19f1383b968de3add08490dd52b43c3a
U4NCVNUP2,alin,09a41a8b91769794c408b969a1801682
U038LP293,darkbtf,e4e1f8c99aa6d1cdf72900f09c7c3f18
U4MCXJKNC,patcon,5ae1a83e1b6ea594e6de9df8a82cf8ba
U4WHRUE85,cjwind,251ad53fedfbf89125b20f33c0f7b4f4
U4WFAED5Y,jinhsueh,bd0d30d3c09ff3de10ce52603745e869
U039C2ART,sss2500,e5f5f4b57295f6cd902ca9d511d1e1fb
U4X69850X,bevis0556,5b3f3439dea659ef14a23df060fbf386
U1A1S8L91,conjuror,c0c4f84014c329f0f5c618179e47e6ca
U060VDLP3,clementtang,794acc317f9d7382e2bc0b5715b85db1
U0D44KUBV,dir,d4d44a6dcb2133f5a5f2f15eae1f6ef2
U52D68CJD,lnddyl,427e6b8c413a10b370fe4145c4bc1985
U59LTCE92,jyuxian,3eb745ccfb6f63f7aa8c36912b10dd3b
U04F8UXA1,kjohn01,f9382ef14f306c9ded8bf30a352ea842
U4QAHARSB,vup72,9e9334b3f9800d23c8e3ba276466aded
U3RM58ZJ6,jihchi,8eef42f512b65a42dca203dd0fd131a1
U58VAS000,jiangengchiou,a77d5abab8803a190a9eb69a5c109fb1
U5T22Q0CS,devin,95094eb9d715351c79684ea37606eaff
U5EGK0HJ8,mofas,2dafc3c2bfd63e8de818916c81d33a58
U0HBFP2TV,arshain,dd62fb43c52ee376a2a78ffa5c081449
U03DWNR16,czchen,aa6e3a85362c5483a3460c671a10f255
U191A9CHM,delightfullychaotic,51682c7a9c40619e542b402ee89e5e4f
U69CAJ42U,itsmisscs,6d95fe6183272bb2f2fd21e46c742bcb
U5VRJBYTV,colinmegill,a8908a3eade1b9a85ed16167eea9e5bd
U6CTD443X,noneck,fc02a7459be95e0381c342823ae714a2
U62GG6U6R,steward,3d4002a085492465b3e859094bf81ef3
U053H1AMD,yaodehaung,2fb4f5f25e54d6167ba0be4f8ff6dbe0
U6C892HKM,darshana,4717ecb55d827d53bba435e5542c5465
U5HLSCJ5R,evenchange4,762fba58b7ce8b9baccd92190be2dcfe
U2YSW8B1A,fengen.tw,a8167d04c756541a4fe981b8ba078425
U6VGCCBT5,symis,e78f48a2e2b5e16ac9ea5684bc1a3638
U5SLRRJ6R,thebestsophist,571edb09c79021ff4b80218ec9f01f36
U1RL69MA8,karen,b9b99251d27ccfe9f14b027e9d540dbc
U72DV0TPY,labrada,95ce11d490bc2609ce5d9ba8f4e840fa
U1G8M9R8S,notexist,ad8936c4321c13175315c3a0b34c29a7
U02TVBG9B,hasi429,3a64bca6a2b1af0c07749446f8472b4c
U768UHTHV,hua-ting.yao,2682917e8f24cb3c11db52ff301166f9
U191FSC3Z,lisa,ca047a0a7abbe9262327d9d804c586d6
U5TRXH97Y,jerry,e545eefac08f17ff74abc5e363eb2641
U0BFV399Q,whisky,b9dc9d75ca201d28ed7c6e9105a0e904
U7EAWTX44,wenchen.x,e363ca4fc2ee01f664c1f58eac86d2f2
U6JR4LPU7,herman_wu,12f873546b58cb2b4d9e322bcc5190b0
U2DEV3LDR,allenlinli,0069950fe73540d87df5c22a8b3a3a49
U2PP8TJQ7,g0ver,3f168f29be616057aac41502085f24a3
U0AG4B44Q,osk2,1165b9f3183b1553df202a19baa9c68b
U6L5Q592Q,naxus,1343f330f53fc84d3e763b07fe50c15c
U75JG2HV5,olivebranch.a,220e1aae438b15724034ddee95d26d4d
U7QEKR681,sunrise91.t3,a34571f3beda8105ecf3b05864105ce4
U7RG8DNQ5,felixtypingmonkey,cedf32598921fd824fcc9cbf8dbe0abd
U194UCDQS,nany,3e857ba72edc812ff101dde194a1ee80
U7GFK60KE,daphnemaca,bbd966d926a2686e4c8100e116ba96c0
U1ADYRELW,achemistd,2d8aff5689a377ff452b60ab831c5850
U03CCK0RC,wuct,150e268dd1173e9d58274d2781bf8f16
U7EJKSEBT,krzysztof.madejski,79682432df7dbfd6c59e865cfa08ed99
U29BQMH51,kaili,38d5359b399f3e542f168913ecbf167e
U2A14SVD5,blackjack,485b3633a59b7ec0f642d69e0da40452
U89GB6D9R,katehnicholson,8dc868511875eb3ec5b1aabe4bc0e491
U5013NRMJ,zoee,befdb7aca742f9e65f2f3fd8b95b3e42
U280T116V,lynn,6a32ff0ebaffeca40d279babdb3c18c7
U87642QA0,tw0517tw,29c4f1c73768985f979e4105714d6317
U80SPJTUP,besslee,d0d009866c2088e9d110b99c8ebd2918
U7D5G2VSL,c0978758375,d134e28f066a31c594524e7316c59b8d
U6UQE7XNK,artbact,9317411725105e164b189a3a246097da
U2JHRDG5T,cjies,96a124635668eef4a5a864523f2bff91
U7441LZJN,jiejar,41bdb62f50af059ac716397e49c2b55f
U4T0PP3UK,fiorella,4ce5ac49a5c7a369cdc47aa59dbd0e73
U2115N0TD,planspark,a1de2a79b5ed0ba32cae47a98a848769
U8JEP7892,herman3chen,3e93046e6259f4b5bbb2f4ea8cb60dab
U2PNT8SEL,viruswarning,a5dbd8913b28047dcf9513af101770b9
U58NZBGSZ,choznerol,f9b37e489a6d834d751cd022d11ec04f
U9CA53AE7,christina.chen,5bb12249bc27db1199f624ee892ab48a
U8TBW5128,acerxp511,ee6fcfc30e97c2168795c99bd00e15c9
U9J1CQGMQ,tty791002,370557f4b002c5925281fe8ce3f69da5
U0H4WALMP,crlee,edecfef0786649b6cb5f9657ba6fd727
U3NT8U4K0,fang,13e1be02ae3bad9b88e5bf97c7695729
U8563E9Q9,lulu523,6e9fd4115e8ee417762bdb58d8c1ca99
U02L38T7R,jeffhung,350ab9541f70137cc5056ba25c3f4900
U9VRURM8B,yihua1218,70ea18c1fc8e775829c528c0dde6f959
U2R4SEL10,gasolin,4e7204dc08556af60d7dda1af7ecb897
U9GS0N3SR,lilin,9c02d44c2a0d0f4ab60f9a8eed1f556a
U9JRHJ7KQ,denkenie,9684aeeba720bdfcec09e102aee51da2
U9MKAKH9A,nathan.p.storey,833af5d2d8319c69e6a62984f78c1754
U343BGCP6,agameofprivacy,74bbcfcd14c7d7bd07ac83bcb46a5de9
U820EQUG4,aoisoranoko,4cafe0c4a9c4fe9d5c50affc563f369b
U7C3WTG9J,kting,e833bf67010feec4c1af356e2bbeb23e
U0HBMTGCW,yslee,c6c74199becfe807055d4bfd7d97c9a3
U3VFEHF4J,terrence,3519de0586e1593b26b378dd82d6875a
UAU2R2AKW,t,7815dbaaba1e8114fb739581a73aa13d
UB480SN6M,dahecht,0e512d183ff605f4c764ee95883ab01c
U3A7TVBU3,hisa_x,7231af9eff4d958c26c24c36608211f2
UB7JMNHN2,toeveyichen,edac9c541fd8fa41b18ba2e07d05d8cd
UA23EV39V,hcchien407,e62af1978d9ef6bb2903317fb5f647a3
U77U6H5EX,evanstaff,f6663c763dc20d0fb1d5d5334cf1af15
U04L64B6L,kapziel,06ffce78216040191a3aabcf7471f1a9
U4CV398KB,yuhsuan,bdec755508f17c0eb2ec488d70570e65
U1EGQ0G4X,noah,1a06082260e7c984497aff447d7d6006
U0TKSE36J,daisuke,d3acf471ce9838b371b7176c5ddb3209
U1KKPEL86,jianiau,5da07e66ca81ac210fa0059051b23036
UBTRT3A2J,yoyo5022,39de5e7b10e3c8bfb8191218a6e58c2b
UB0SANAK1,yzzuforuen,6906d7b748d840e4e8c60c6aa3a7af90
U1UEYG17B,claire,2d09ecfaba49d482954b2b4150382a78
U7WL1TGAX,targee,3a7b893b9c964abd71b94edbe9388d59
U1X978QEQ,bluet,14fa1c30f2f123941a8c95c05fd8fc85
UBNHU8QKF,han.kirstenly,2cf28d36d99193174020fddf21faae82
UCC5CEX1N,uvavaca,bb95b560949fc2f5055aba8322b91cf9
U0727LACQ,sean,6329c753474a26bccaba61fc4b9dca62
UAB2SV7EJ,eric525282,bdeb69845a539b1a09b278b38de3203c
U8K36DU3E,admin,10658206eb0d38df3d0e9a232a63c92d
UB3N8J8MT,lukasinbeijing,ed715d324b804cd46ff8457948817d07
U92MJ0M32,williamtsai1111,9c6e429808a833105a568110ba0a3ecc
UBK9PTMJ8,wy0425,775dcaa0cc126b408e4bbeb5de2abb4a
UCLRH223H,l54happy,b08119972c4ea146be9b94cbf037039e
U93PH5HRS,aiya,35fdf4f1be9e3fdc65b59f8923c4e7a0
U9MLYBM2B,bosscheng,39330bb882ac171458f0ba817fed6921
U26SJKW0P,theobass,5b1789271ab42b9b8a4a8f69ffedb5c2
UCJK7JJPM,distresslife,cbaa569b9d6d23b2b4552f87f3e1c5b9
UCKPN2AK0,gelightionseks,801c4eb27f642b7e8bc8cf72267740b0
U8W0YN3RR,xyz.78906,b105a913b53c9b79d13a7dedc7278ad9
UCKQ0RQQM,jim2ylin,ff1676c838a6a80e188a8ce5a0e15151
U657G2H5H,klaikongv,583b28cd084970f9a7bcef88eb89046d
U03GQ29HA,fuchihkuo,34c584ab8d11402d0ad5a32f62c90a9a
UB1HBEUCE,leonayth,0e449eb8fd332a4ee53108a3ac3807d8
U02TR5CJD,denny,fb3cfdd27dce9c4c8339ede557ab693b
U0FVAV2MA,horacechuang,290b4c04ebbc469013e8024f464c97cb
UCKDB8T5H,chu7733,9178c1e006be3e05bdadd51d075afd4d
U8W0RR1EX,uuuyyttu,1c028f2e612b4ae7a24055e8e6078062
UCHGMC38D,eyes_eden,e3f5c63d5583dacd3b68199767a85703
U9ERYE87P,jennyjmgbwcy,547ec89861ae3ee475f7326a28c60273
U0GUTKQGG,changs,ea6067c58717208896690cabb8d1fb25
U4CUA2CG0,magic9514r,2dd51be054a1802ef9e8d374218fabe8
U4W45DQRJ,stanley823,e129a66f1a149b93d98a66f62132017c
U03H4E53C,planetoid,29cda05eea4de85de66c85884603e668
U6CHNUXJL,mengting,22a799b0797192e9deb0d2ebae7bbe3b
UD7HT4BFW,p33994451,34091e12453168c87a065cf91cf539ed
U78GAJAHJ,a29988122,2e0be910cc916bac570eb5f74efc0205
UD715823A,dawarmwisdom,43380cfaf8adc9c9fd5a51e38af02e85
U9RV4B79S,danielkao17,872c3c3204f3576bf63307f25a11eb3f
UD7JYK8P7,bohemianwind,908d0a6323bb78dcf1fa190938c295ff
UC0L5K151,yue.chou,22ef73e6207e281dbab280f29d7b26a0
UD8CBSEJY,iop982003,4d240cd2e721f88ec311ef8430ad260e
U480PKCUE,paulpengtw,2769f9fc0fc6e09011a238b0534daa54
UCC5187BJ,sugary.tan,1f1f77d06371a55f943a5f53e88969a0
U3JH6530A,kevinliao,52554d17c2083646d2659e2fa97948bf
UBKN67DPH,howa.wong,9e7ae6ef0df3a43b9da9ea25f0a8b62d
U0BFP152T,cat4,687d2102b20b74025251136f2cfa72bd
UD3TKASHZ,gj,d09fbd72f7aeee01b1918a04f456fab7
U8RNVRV40,solitarian86,fcca5ac72c834c02ed9eec8f67514d2c
UD8PFLUHJ,furushare,9f762e395d52d7c84844b02671eb34f4
U46BA9S8J,foucault,fd2b6662624e9749a1ffa4b7d82a14f7
U18TQNVC1,bingroom,f39135be97c2866cf4ab8cab682ab10c
U0GAXJE58,can,15f3fb49be07e4ba9679047d41755f00
U85B8B76Y,evitavodka,d833590e1323fb45699c653576e023cb
UD8RA7PPZ,phiven,feb0c9c3114bec01a8d08dda2c978800
U9UB64E0N,yitzu7,cf600a7ce881a43358bef97f94880b8c
UD9T1LMTR,stationaery,57a1665cea50116bf4ae15b1f93ba3fe
UBV72AU4D,vivianlw,6f67532f0d5936a5311bc54a50404a72
UDBHKC0Q4,b614103080,18324b1743da885a2c5b4cd75b348e18
U8TLNUDQQ,patrick.c.connolly_br,59d60a23a7c9187ce2e35e60146001e9
UDBJF0YMU,tsai.dennis12,baf9a51620932aa4bf1a9b4ebd31bb9c
U823VGDM3,janetyc,dadb58fc452b7a13ae6ded0127d9d601
UDBHLEZ28,petter2010,dc8a3241e371238cc2108a30926a8d3e
UDLBB3HAS,buo.ren.lin,0b975b5450a0145b4d0ebea04c40ccc1
U02TX2UVA,daniel,74ea5726f1130a75e8a28cc541131ee7
UDBKXT7NF,cuijing19001,4bd9d644d11e48b49a9a29ce0b5f8f10
UCGM4EYMC,edward.greve,60e1f126e145f85895531d5b7ae01a6a
U5GLYKSSG,jennyliang,e0492311156c97503837a97b74c754d2
UDKJTA3B7,ttcat971,7d62b9925588819ea322148763349661
UDNB1FE9F,agoeng.bhimasta,0cc5fd53609a441bae0d567df5f7be02
UDM04249Z,imyentsen,402cb6b35812ea29a96c41c89f48cfb0
U53UA9K28,clark,73f8026e380eb94954ea7d51f32bec1e
U0N9E4AJJ,wenli-tsai,b0ea88782c973c1a1d8ee908ee32f971
UD50L5RQU,eopxd,c470376ed0558acf2eac2bd63e4f0b0d
U054A8BE9,jimmykung,8bcbcb598a59668e4a34a8f08c6c44ec
UDE3679C4,steno_tin,d31518b8a4a7ffc530cd19054fb59562
UELU3Q5PC,travishen.tw,05516d8db66b16fa74b05e2f909a2403
UE4AWKV0V,shiershan,354541fd17f109cc8d07360ac4ceb483
UEB3PCUF3,esbb48,2bd5521b6f78ce875f13e6cdb9bf875d
UE1LQGF08,jcjiang42,1ec2883b18d3f638340da7c84bd3e60b
UDBLVCYP6,cwc.play,787d5d21d4520a5c8ce98f9040e6c558
UCES7K94Z,iaceob,f440f7c2ba1342a9d3b8f61367556556
UE40231PE,stonecn66,28b01d46f630c4588e7d22bfce37531c
UBMS54DAN,tsanyu07,8cc577eaf3f55539d766fc814a6465f0
U6T1L9G6Q,rockhung99,2418473a6029db44713ac9e6b96e0416
U0HBCFU00,theo.yeh,f670ccb0d790690f16e78d0e494344b8
U02TNG5TP,isabelhou,fbb2f547da571212a71ce30f994de9de
UG21259HP,healthya2776,bea6373608526772f6e190969794c0b2
U08G8J6H5,wowdy,e7b8b0feaf14accdc514195a9102dcc7
U89R9UHSQ,lilian0330,405e00ee4a92e82303abdad9b69ad948
UGUM5DFST,sing,74e40f648546212597285d6bebd3eeb5
U03U2CUKB,linekin,351c936adc9cf54adfbc8bbcefc7ad13
U03EYC9QZ,chhsiao1981,6f1486daca11158269ffac0e7d956cc7
U0AP45QF6,shesee,839001e7e05593eceb5fd32cd82327d8
U4L74BLV9,mmm90415,cfb92af9063233f45a696edd99e80ff1
UD69YJ2FK,urakagi,daf045e8503f7a84a6565a10e02af464
U63GTERRC,l.tzutung,84e3536ad0fc908f731cb0d7144085c3
UAWMSJXHA,daixiaoluck,d6a43e1e8894245c3d65343ff0d56808
UGT61H8DT,xiaoguang5201214,18bfad5e23fe471c46e976699fac0320
U93P962G0,shunling,373f26d95722084119cdb78a8b645403
UH665VB5E,kokicola2000,8119499c79d35f13cbbe317a507e8576
UEQ7JC6DC,tumi729,c476ea5ed767605ba78186af3bcdf834
UHGEXETL0,me1210,acf2629f8d7462540d1543bff6853192
UGR8JHAS3,shuchen.chang,1325aa1eec870dffed2efc905436d5c3
U0Y90BXCM,wellsonjain,47e1e58734fb6e312abc084af20146c9
U3G5JU4TB,peilun_ma,af8cc824860750865b3c43153fa3edef
UH3F3PQGZ,aushinchang,1454427472447e845c4c1342bec38485
UGUB9LDHA,q1o2o3zxc18,f6fcec7cef9a20db31ec1889fcf42a49
U18UC2BUH,jimhorng,dbcd0a11aa7b9a4ca5b5918668de1271
U6Z4FHT0W,uufrienduu,05bccb09416c6e674ba80cb27ab71b19
UHW429KBP,howie,4c71df8e87716b8ed9273ce198f930f1
UD7F4GU12,kazuhirohsu,461cd54cfccb163e1bf8aff68e562a79
UEB6M7D6E,n1kk1t4n,20f79e7f81e4f1a09210bb519e778364
UHM8PE6DR,shangyunabbie,5a340d14dfddf7d7cb6cada48075414a
UHBTN9FUL,eva0807,68c2b0828189b9d1356baa3859fdf2d3
UHCSTL62K,hutingstudio,90b63dd182f455ae5900bcbc3f9a3bd8
UJL9HL5N0,bangyuwen,6f2fb6ed5deeacb1357498668b953bf3
UJU3H47NG,chloehungtaiwan,e91f55adb7fdfd47ee1d9411a952a4bc
UAJJBJ4MS,tcssh611503,6ba549c314c6d8d3a1601e2e2e929476
UC77MP8A1,buganini,81f7b68eda5bf300a888e4fc4b56ed04
UK0TTN6KZ,sweetlucky456,82e82d2d4ad94bfc2fc99406cb56534c
UHM033E05,moonygalaxy,025157385132ddda253b22bce0201364
UJG9QT5MH,acidcomedy,9b246a518a2a7a28a86e28283b013788
UH489TW14,jiang696,b1b4227c6beb8a60da72a0941dbb0ad6
U0G86RGRX,tomchentw,8fd432682a58554921dabe78abf794fc
UDTTPQHFG,chiaicheng,ba90a70cec89d191536da2af07eee0ce
UH7B8QE9E,sshiuan2,5976be87e6a6776249418d3e1ab13ed4
UHPRCE44R,yang.yukiko,2b3a7c67c6393210c3c6636a483b2978
UL12WBXAT,randy19962,e3850376c902c46c85eda70aff092576
UGQ2MTBDX,mail.hkazami,3290a6e1be14f26a535f16faad732c7c
ULKCZH360,kindalu,20fd7ec31f46ee50c4d05aed9a28a22b
U03M6TBGH,simon,9a1e8212b6ee3f3904c329b54280f680
UG4CS01PD,wise.rong,4d2ec1b46e4801250f4554f031c7d835
ULPHA3X4Z,yckuo,4df1497b2cb142fb7a8f902b232bea93
UL5CXM7QT,flyingmars,316521b7209fc7a40cd9fbd8118778b8
U191NESV6,foxhound,2c943754c2ff5eda6c0af48f136a92b0
UGVDTMEQ6,os369510,0f013eeb299a327a0cf4b44630bb2d35
UL0Q9BW9E,chiehg0v,15ce7859c7d17c6b73fbc9f7413207c1
U1D5ZHDCN,s8321414,f79f9c314bca1779711c4084d34810ce
ULNFT7WET,glodgargayles,ad48e290c12a059581b456e1af1f7f0e
UD971UP7C,shamrock1976,7671ce57fbd6c227fbe510f64ac28e92
UEWJV62F4,greengene,353eb5fa55909850b4442a1fec61f62b
UDF7KTDPZ,naonaogo50,dc03c489f1bf70eb6b2f95ea32642968
UB84LRR8T,yulinhuang.01,128bb5c601b6edd28e036cba2eef746d
UMQ8Q04DD,pamelaqwer12,ebe92633e44f0f17ee21c1d3d959ed24
UJZG41L76,aaronverywin,e41b2473af0299370c3d9ebd7ea63121
UK3FPKKC4,ssweetcoww,a0f3103a0d3aff343c40de181ae98ea1
UGXUU7QAH,oriyaroriyar,09f081baf7e25d6b2ea43e9848ab0300
U2A52RQ91,amymok,997fd740dd933ed7fbf003c8447a7d21
U8TERFWFR,yoyo930021,2b6a52515a6bf30d4d28956c666b64ee
UNGJY7E4V,loooffy,1ed3437e188fb47fee6d4ecb67140d39
U61TQ6BNU,cph,95d7cad0566d1297672ef7d7f08a9cb5
UHH5AB142,jacobyu212851,6b0c731bf88fb080cc78da7d701a937b
UM4KD6D9R,chen.jiunhan,1399a879e72f994327156c8bc9bb55ce
ULKF6GC1J,sandrahtlin,ec32e5f69db28d6503bc87c497d21207
UJNKGLMQF,b8208241,17227db28e7b8f33658334e7426fcdb3
UPHNB6F0E,linyuchiao1996,b371d382e10b70bc17f88dbae68ada07
UK0FX9W48,eyu.yang,cd304ee2689de9611ea642795efb3bab
ULED2S129,ichdenketechne,f121d8c5146a56b4443df8092f3c48b0
U5R5HR796,vanson,809105922dee24fdf72091119d149143
UME9YTRDY,jane770717,08be6af5c8ebeef05fe722836524d659
UB4EZTJ6P,changhc84,4ba091b2df12b460a7605bfab79b8d0d
UHSCC8WPL,julien.carbonnell,94fe4d2e2532ec93eb1cb371026e65ec
UPNN3C1FZ,ayw255,bfb517b16456c43d6367db2972f0626d
UQ1RYJ679,uuericada,71e97289fe4bcc4dca6437c7e3722ec6
UBC5YS4HE,fockerlee,7630c448ab8203f1f5c138767b2f987a
UM229RL01,qcwvebrn777,754992b33d2db17dbeccc2f283a72a7a
UMR918E30,iamsamuellee92,778f560bb0dc13a77a73aee808aa4d5c
U3LM43ENQ,kahou,8ab0a7491ccce6163af25f64b90170bf
UFD2ZPUGL,zoechen0718,ebee88c9e4ff2d3677a440166449dc9c
UR4HBGYCQ,wantingjheng,998718e76b1b4b6f5898f88e0c08da1d
UJGCP7MFG,alextan135100,e11607d2dc1a6facfe365fa498c72685
URJ9CSY3V,pct,fddab858fad44905b5d1e703f8fdee80
UQKTYTCMR,mee,9f8ed1d58a543c1e5e23d84ee3442b62
UPHFV4KF0,sdfghj1001,2980c41b7bc66477389afe51528d8838
URNK1743T,littlesea922,f3eff90a834096a9742bf3fd79c6aa05
UR6C6PD7H,shivaxsin,9244fc4a803192f9dfc1067b2e728b05
U85EE29L5,a983425736,6acb4574df1cbf0172e72e23c1630c86
URJTM68G3,vwelborn,26120e832fd66e5e4e9feb9d107a4fec
UN69YA7E2,tf280w,6b6d2ffa6f6aad519535f751479d7ffb
URE139JAU,ortwn.tsai,4dcd3bf78921b4671c64edabe1096f4c
ULUNUKLL9,tnstiger,698ca541a2b3b541d7af523de8a93941
UP1NNF9DZ,lint633,7acb10ea072c000549bd7aa7a98190f5
UD935AA90,mami.takesada,6261d3ab9125ab57d8acfeba0c8d93ff
USM1NU7ME,joycehsu,fca98b8e0710a4678d368c735c4e1e0b
UMT7B36LV,de54714,cde8b8cb363a1f77d65358f03a293b19
U5T94URKJ,yingliao,3d2f32ed5a9723607b10c6feae043041
UCKKCSF7X,karcnonf,477b6c18827cacd9d86b1af055d71a14
UTJB9PWMS,baby20030720,86cc735e5beba948fddab0bbafbf8199
US9TULQBU,farskvitkal,6af537f9a24ed5c177b2acf371bb74a2
ULU59KK7A,hsiangtai.chien,0b244a38e2c7e7446ce8f78cdb3da12c
U4ER0CVKK,wjwang,44fdadd9cb1387dc6b4cd9558d4cf05c
UT6HCM4GJ,t510599,6bbfbe497c1e5facd6be42d0aeed2142
U05129TL6,kkpan11,44090673b5c6a4a7d34e5c182097327e
UB5V6EZ2M,smart032410,417d203f610f2dbb13e89c26bb239d84
U03BX4JU3,kuro,dd712751d8c61a9b1037e4e437588a0c
UL5ES716K,bingluen0224,eec9557961ce343a395a125b9c346b67
UTMB95FF0,claudia19882002,4a1586e6cf4586f7af631a3ab2f6f26c
UT4PWEHS6,ablacktaco,5fdb2b0424eb92358f36ae722702e6d7
U04TG3L1P,alan5281,fbc4e8f7e6f94b15609402479665072a
U9EJJ7ZL2,luke.chi,c8bc665e9cb1fe11da6cfa8c2e0f7b52
U0MM8P23T,checrates,1eabfcb1ebdb3ee8524df54743c693ce
UTATY55CZ,jetter,883d84e863ef828573d3558726660cbe
UTL1CP32S,stu43005,4cac242ad971f434e23dc9d81e425fb0
UTK9H96ER,alfieyfc,bbb61e30876c407590ae4e2952041f2d
UA66149UJ,howar31,558ba01d59046bccef01790413de2b3d
UBJSR053M,fgriasa123,c65258faa3687f7fba9435d7e2817d98
UTB0GRNTB,ccw.cm91,c019a617c07ac67c308f5f9aed769428
UK0JTM5KP,fred39392001,d0bf8466e450a7acf381ae51d11b59ed
UT52BQ7QA,idarren888,6e9f78d6aacf068bb3fbd89d8d6fdd0d
UTKEH0QPR,ma.gary729,819b0072737c8ae9cc03b6ac733b55e2
UT80JT8NM,a1515twtw,8ab11c356e188e7a6ed46c7a8ba95016
UTMB7QW94,gridwing,04c92ea4c622a9cdff81d4dc0f3f89a6
UTKTRLSBH,littlefish0331,5cb10bb44761897a611fbdc3289d73cb
UT6R57VRR,me1702,cac53949dfc76adc9a0d9004e1c0e576
UTL4F18NR,virgil246,5dfb7d6cda662d61897b0ce0f80a6a46
UTL7A2L56,itinerant.irene,2114f897312db35f87164ef25777be76
UTLP1L2KW,pupu721_govslack,c77b755a32fbd8eef07ff71ccdf129f2
UTAE4FPFU,john.cylee,edf9bcdb09044fc74d3a9fd699dc2d1c
UTN5K7NQ0,mowd8574,6acdbfbdcc2153141b2ebfd3cb622973
UDA0ZTBF0,enenkoyako,1dfd7c323344d61576df653b7b66d6f7
URWMSGXPB,greenymidori,f107e7b8fcc1db36fcd764c4c6e169a5
USNK5FZ42,mchen15,d5e63d1a3cf2f9ad89862c0a08d862fe
U2NQMF6H5,terrychen,e8d57601e502e18d3b9138ba6e339d72
UL3RQB4LR,xoolwater,8da6e02616b95e6557e4819837799173
UTM32PHV5,poawatcher,e101f057e2f4e50a1211e01ac39a29da
UTPBMKPHC,happythecomputer,2fa7afb9f8558d1d9ee2d6ea852bfd73
UTD7BEJCR,me1666,3606a32cb751a7662d3ed5992d4c3b50
UTK51HGLV,docsmartou,8fe3fffdcf777b0a7899152eb1c087c9
UTC7D3DR8,contact834,70f05b2089b9de1e9612b9e162873516
UT7R67A9F,icetzsr,2e76e6f571423e5f0d696da916e59acc
UTUQNKTP1,etiennechuang,0884711db98ecb7cf292eb6ffdde97b8
UT9L8UHPD,yanglin5689446,183b2afc385db4b1d52f8ec333ba9814
UT74VMXQS,sppjackie,55fcfa7225457bf8bc6292b20a3ce890
UTU5H6BK9,ianchen0524,7f38b53a708bf979f9aaf4ad158f43ce
UTU4ZSXBJ,hank85627,31e05892b48352abe3c813559db95edb
UTHAMC2GL,ejhsuxd,0265ceef704b009a93230530713d19d8
U28TMARK2,zach,bf8d1cee133f7118a8f8345126520bfd
UTKKGEJ8M,alisw551,e295223facf354d30ecd29c3ab0d3b9f
UTERREFB5,little78926,bc45f23ba2875aac8cd4f14429f47b98
UTBKWM2N5,iacmai,d40b95117c576ab9c3ab725f84197878
UHUFBRA1Y,stu005606,d2d62f55d34c446d8d691e12f5d9cbe8
U049JNS95,yjlou,cdfac65d61aefe259a353f1db0935d50
UT7QNH8PM,jinnik7571,4f85748c64878173c252414ba6310674
UQSJ4CDGS,onlystp417,9dd8c0beda48c15e2ffae988c662a899
UTPG21ZT6,death1048576,135fcf313f9c7a9815765c9731edacd5
UTK69KY4D,daphne.ch.tang,59a7394a6e0a296526ebc4de8e9c12b0
UN6KWAE2V,cstsai,e99c92afd2939030b43bc7fd9626d9ab
UQM86P4N9,breaking0215,d6c59d02d667be14545e9d7d1dc4c61d
UTKHZU6BH,tw4our,99b28c869befc08187df730fbba2c4ba
UUCB1AJFP,joanie0610,0dbf9822b417db93dd7868ab32e34238
UUF2NDNES,cheng.pong,5cf4ddd3406d4e102202284de861f675
UJNL6AEN7,johnshao1990,c25d49ce79f033c200894fae77a15719
UD9UATRUN,pblcollect,886ea0919cc48c4780a8ed2d5ff30435
UTW4GHW0J,moonorblue,f35fddd87f246a15ea3b1f2a4f871d76
UBBGHG3KQ,alllenwang6212,47b9e11c43f61ffeb1588f16037c31f6
U7NR2KWGJ,sl,e654893a2682a6307c619be4f25ab038
UTHKL3GAG,alchawk,50120fb00a6f7b6c4a7ee52aa93b48f0
UUQ28G9QV,g-hamu,1bd56948c25e0b16bc90281102be02dc
UTZ8G8F0D,clhuang224,e459f3a510a81327e845b41570e858fd
U03K1J34P,vincent-code4hk,b98b8a95cec1a558e4b77bf9d509e6de
UU4KZJR98,hello569,1af3949272e34770d0018a1690b5366f
UTMBSCLSK,n2130213,c43e49af2ac49cae34189c3b6c09d9c1
UUQLY1W3S,greeting.to.chin,904bf8188b1347f016039aab57194d45
UU3Q2R8BD,timothywlin,76df26790f224a1bf4dcefb1b982b6ba
ULQ5938V9,nijialin,a478a40e7320d901e7e599c02630bbe1
UTRPP8FDW,qazwsx9006,c4203cfbc8ed48c708e6baa1e0eeb641
UTP771BJL,me1908,3c345244fcf3f7559ab271e6a218f070
UTKLRJ6BZ,me1614,885826d4d7832ae2f9b6a2fe44328f7c
UTJ1HD8RX,hopkins,344a89e851afddc50aa277d6db00854d
UV1HQQABX,minexo79,9eabb477db11f25a25fe3bba990c001f
UV18BEYSY,cheeseng83,8f3c386206eb8a0f06a5adc8d7f5db4b
USK1RCEJV,hophfg,b1189d1c8a1e4b2755d4d0669d22a5e5
U4NDB1V7U,lionwang1994,81e5d91a244b6c109ee02eb416f9abc3
UT7FH2VT3,chgc.tw,b7947ebd25e0d5fd87da8f0468248be5
U4DNHFBEZ,niwolive,f59c8e687ad41a83aac4f116017c9e61
U053N6CAQ,be,62c2134f48dd2f935f9679e0e3e3f0cc
U03BPGJMT,aha,1f915e570920f96614f1826bd69bbdc0
UURQ7QKLZ,willy741026,a9ae89a840b63461223a5eb5b6ef1c0f
UUB7UAM09,siaoyaoyo,a3ed9f74f251dd9fc7e95684da6c6c5f
UTNUM8KN0,chaossha,bc82caef8d3d287ed39aa970ae05bf9a
U37HSF7PF,naush,3cbddea5552c3f90463618c7eaab4004
UULMSEFGR,chrischoutw,45cd0f5bca901f2a0388057648799cb1
UTM2LE1T9,hms.debbie,a95fe6888e9f9d52fd88de691782abe7
UTTEBGPPY,doggypoo613,ce60388cd56fcf9ef3ca88a5c0c0fb42
UT69PRETD,james.chou787,f96384bae6fa92728c8c7a6a0dfeccfa
UUEUX9GS2,did1335,2ffdca97f9e8a3ebd4a411ff11ad06fa
UUWRUPMNV,williamlin910403,89bdc6a4841a6794b029b60bed1893e2
UUBKNS93Q,mac.lin,cf48b94130f2c8670b3de5f1fd3647d5
UK00NKAMT,zuyi.lin,ce28362be01cf1b3605f7193b0037812
UUS1D3LAK,a65162,4dd28ec14ecb8a2c45187b730391434c
UUYKGRFH7,justindavidlee88,5d284b7f1a8284fa19aa9ce6b31e660f
ULLNFF7JL,hlps105185,73a0554f54701f726d994b1a02af8ad8
US6SJ7AAZ,julialiu2223,510220c5a7dcd9a9b6134d72fefc9efb
U1J4EM9QD,wuulong,5297a59a75d021644ee5f7d88cca4b3f
U7507GN30,hal,c8ad56d346df5c48448d4e9c6b15a848
UV31PHPPF,always5smile,5c2aeb68245c9f0d1e574b4e6893c6b8
UUFTHFWSF,codingman,696d5e45ccbbcae3a0ffe88ae4ed69a6
UV4DH0GSJ,nightcrow33,813496b61bef5eaf4cc3a6850195a7d0
UD9U8HSKH,kin,b10b780f38f873c4ac4a03ed3ed5584f
UV6C91WHM,phoebe,1720d67e742dfbbbd2eddf930ea4760e
UVAD0QXDE,guangjie.ho,f38ba16bc2cb3402d46ee3c0ec69aa7a
UV0B7ELBD,athena142857,270796432eb7d60f8b1e6d81580cd08d
UUTJJKSMR,teemocogs,7e55f9c99b010fe95aacf6611aca6583
UV4GZFCJZ,edmond,a442f18c5db9c146fdd4f55dda71c6eb
UUCD2MPUY,kevinyenhaha,a81efd31c7a50fec3f0a973d1e1061e5
UQCQERZC0,liu.brandon,942c458fdbfedcb12e8814c608423c74
UUHMSAYGG,patty661127,287920db05872b501e9d1fc10608ed85
UV2JXQ4E7,you.to.gm,deb9eba263e19e6e6517aee45c619413
UUVKYHRT8,b07705026,1cf0cf7abf3450a4e9b3b7766f8ec176
UV45RJ5MX,tina_tyc,af18c588672d17a36aa9473d106a30fc
U01021KEXN3,fewa110010,d8cc530cbbf3412fbd06bd651b493ac5
UVBRRAL94,hanigogoph,f619bc989a6d7971c8cfc25968a61344
UH1N3UL68,mayuko,7b3073c0efbf9609ea9fc540e32bb51b
UUZ61BPNU,tominagamichiya,b6572b91a70daecaa31716ddbef70137
URMAYTYJX,peitruthxxx,9bddc889441f15ac3f4d2ff7797815df
U3PCHAH8U,kiko555,f6429cbba85023a6e8884c50745cb2ca
U2R4R5FLG,kelvinho84,33755fb00cdef07142284833329402ba
UME42T45U,janyeh,84da94e2a954491d5231056062967de2
UBK54M5J4,cin6855289,03f99e5203e688ac1a859a20d17161f2
U01010TNU0P,caseyguo,d04171648f6b1efccc1362d742a96523
U0109DFEK0C,,7661d97a3bd5b665dfbd266b02bdc791
U010DV23YRE,,6febab0097799f33bbf5dee3d80d37b2
U0101TM9A2F,,ee9df808d93dbfda96ebcc45d8fa1d06
UTP3HUVUP,cyb.ai.815,50aa30eef71fa80a180c5f7f343ba66e
U520N33RS,overmindlu,d8b4373533d8e751947cbfc41674af32
UGQ62A8GP,polaris,071ebc8b424c38d0f3a685087f55d3be
U1G86QWQ0,wengboyu,bf3f0143e45611a7d9a80a1fe1c8a5a3
UJECK4EA0,kin465,981c0e4be74fba77596fabe4c9442536
UU0REQA1H,dana728,2bb77b9a790b3ebbb0cbffe86b4eafdd
U010R0FAGTG,pahluwalia,18b415f96cb87ac48e300e5394156b76
UVDECHVUJ,tammy079,75c2790df5a9d7dd6fbf142b6e407e8f
U6KDGS596,zx1256910,a74a802334b04bf604a175494084e4ea
UTL99SVRP,stbb1025,59ff2030e36fe5d7f94c91ce9a7851fd
U1D6J6UL8,bafu,b9d8931917e5d0e66481aff6b96754ee
UM494DX97,sofia,64cdb287f922bca4965674ad987fe9da
UTMH75ZCM,wanjungchiu,4c5c0f1a00b4cb1c49c1eb0ba67cd72b
U010K0AUBHA,taiyinglee,561a70f66d3020edcf895d19dc617f9d
U0113U51VR6,tobias.weisskopf.ch,a2b2e19d9fb496c340d58c7ea03cbc48
UV5MZRAMT,jherkyesse,60b738f1a66efff1b4ec27677ad1a947
U010A9M5328,sddivid,bbc28c8f15592d2c3334ae0c9fff56d1
U0100N9RS2V,shc261392,8a09f67e6139a7439d01b8f117db251a
U7ETSC5TN,dazyang.contact,968ab1686b04701399ead1bbb0635fd0
UURNKRF9Q,kiu,b7154f8fac75819afe759a1e31f97706
UTLSH2TC3,ricky.teng,8c0dc29c3c2dad05efe704c6721e8717
U011DCNEL9K,timhsiaotw,01dda6a426d5811196d98349c9a37a82
UBLM73AB1,aacs0130,a5b24290c3635ed465f9fc2af4e5f05b
UTWS6V9V1,fbi0526,9dd79693bc51f5eba733a2265aa21d83
UP0NE5SSX,xini,f1d2652488fa19a798b192154837127f
U011B4V152B,linweitenglin,f3a114ded6669b672bc8241c87eb8ee4
UUWE8RXRP,finix.chang,9bb88a97830c37a8d66ea6f9dfed0010
U010B300Y6M,mehmetoguzderin,1b2786fe8e6cec89ce571490fbe35632
U011VEHU799,stuser.tc,e1274bd8e7df865747186b7bcb512163
U011V68TYG3,castle7310,03a578e504f379832433564c8ff9653a
UHVG9BM2S,pofeng240,911f345b036583c127ec98c5bfc67d0d
U012AUW322V,github,95dfc1761825c911d473d135dfe8ca9d
UUXQM4PFD,danielhuang.work,63518f310e9bcdd60796e6d657fe5dce
U01020LTTGF,gary96302000.eecs96,600529a50aba830c029607b76012da2e
UV211F77T,ericalu,7c60c3652c6197e4f662ce301c5c63d5
U0121BFMTB6,jock4319,ac4fb0c37ead9f489698acd2a03ab30e
U011K4ERS4W,sandy051122,3c725fe3f0810e3e38d9b7c9439d7138
U011N6NG8S1,wanchi100,78a9ecdc8afe3bfcef449bdd5732f740
UD7KWQD0U,yillkid,aeb4e939c415e8234f90ddc6acf1d5c4
UQA8FBG1G,purpleheart484,e0e7eb8e26df4762ff5da1cdaae1b310
U011Y0G9JRM,nike81228,8bed36265ec9629d83df493209ca2698
U012JGQG5TL,sunnydreamfly,31509fc8b655a5938c84414f5da483e1
UV4GCM1Q8,i,b48a718cc98581b6551724c232936ff3
UV4GCMKCY,imwmbm,e21750067cd497a87bfe4c0ed205486f
UUTE50CAV,williamchong007,7b4430c6734d243fd6884f34b2be7d1a
U0101QHU264,itsijs,f125748bc4853edcc74fe8099b55b2e1
U01247KN03V,jessie889,25fc0301a7c439fc41d7352820c85729
U012VF6CS9F,ave0224,0735bbaea7041efa01a5396ee836c546
U0118KY9XUL,daisy.fung,7ef00c74feb1dacabcc7b221d5b238e8
U011CCNC1K4,edmond.kcyu,3e1a5cdef8cd6430955c5671bc5e02e4
U0110QBFJ5S,sherry376,786d54c8051d810f52994928a1f138cf
U18U68P6E,mario,e9dca30abaf0780a7b520ad07f7b21a4
UN6ETG0K0,mrkuanwong,2167182ca21b100bf52b8a2b45533e04
U011S7S1ZL7,pei4.cats,6b0489f36aa4c21412dfc59efb63e597
U010AK58RLY,changing,24853577ee6d43858e28e8b4f955ab61
UV42F97FT,townyuan,f88c2e5da70667a763a9b4a327f2bc1b
UG6NWHJBC,sean076,6a3e85243947bf727a7ee460a83cc7aa
UTBLPPLH0,liao.jason2,9b5ff9d3e53472b86cf171afd4772234
U02L12DHT,tobyliu,209772991d7a6ddb922ff6e9ab640e7e
UN3LEARS7,leewei48750,4e300fae8c1de4763eaeeeb8da213f81
U010NVBGTHQ,paul,c18f27ef9cadb8ccb02c864d942cdd3d
URL11UJHY,chi3ntai,ecf2334a12a076bbba8c0f1c4ff03766
UTRHNC3GE,leslieliang1227,d96a5ebeece996059281c7b0ea856513
U010RN4523A,jnleyan,c92d5fbd9316f2c5d79471cb89feae0c
U013C07L21H,sonia8715,3087ae3382bfe9b896345ad4627a9cc6
U012VR8F9V5,darrenhsu2015,3e323ad5c62f2c076e0c7f68996422d2
UUTCH7H1B,okcool.chang,1e9ef9d02dba2c1b933634bcd21f7234
U010BSFAWUA,sampeterrobbins,b08198a72db2bc57c21f9ceccfe0a48b
U013SQBA8S1,dixon.siu,1ff331e673333a4ac941c0e406d2e1c5
U013DEL87B4,yilu1113,8c97b8f4823b9a5f8ff9872230016150
U0149UPBNQL,jseesaw,6d412c8c6965fb040d0d0fd5bc4cda9d
UCSLA9CLW,samtsai15,14307c2b0d35fdc79102ccee724d1f26
U0HBE3X7W,jojomango,f7e78e8aba9b62cb6fbfb2194ef9c5a1
U0117FU856Y,jay904123,11b38e543920f18e54a193f6b9791b04
U0121DWR5RS,salinakuo,dc1dda8b002489ffeff34eaab46d5ecc
U011LGH0L3V,scott355,b7d7a0b65cb0614998df7e09907fb413
UTHPHJXEU,frank_chung,9b7da4e1fc102c26e1187b6a10fdff54
UTU3U363A,525hanlee,7e27b0f3a43e1d57fb55d6958b25bd22
UTKU24QBA,chenyuzu1221,9ef88e041f9852ce244cab6066d310e9
UTUMD0P29,p278732001,f0cae1393473e47d4740f90199a5858f
U014LSMBV7Y,duej12345,efde305f7f1b1a5d5ef283c9f7064393
UQXJLTK9P,cammi1130,8d797b532cfd7179b1c978a833c199bc
U016H92788K,pattyljw,44cacaeea8864923db9c329dd0f6ea0a
U010WH9GBB4,chiyi4869,2c34fdafbe7af6794bb4a4af4aaf36f7
UM3HBBW00,ccfang,920d0030427bca03c00e3e94f6d05d6b
U013M30GNN9,guanyun.helo,ceb422482d00e65080651585523b6d12
U013XBH6VNX,f46284628,b4949b19de90113e1693dc81b10ec7f7
U0187N25124,doung1118,e67432cfbafffdfae15f54b27a8cb694
UL8KXCDT8,neslxzhen,20a751765e22ba0ccd4843328c85e5bf
USX1QE3AB,kjh.appro,bcd2bcef0437ebc582abecb4e9515701
U015RQWHELU,xinrooforwork,c00fc65cdbc5f49c2b5256acfc2d6ca0
UH1H6LASX,vulxj0j8j8,d06893330a1e619071444bf7c2a6d7f7
U012T4ASDJT,yenting.chang,f959108a12599fc893027ab49a3500a6
UT6APPM8T,wolkesau,84c475e7cbd313afb0597528c7469074
ULJ0T2B4L,andyleu1028tw,058d7227cec9d77a8ad602a520d96997
U0186TL519S,grace69107,92cb70977af22d918f5616bf6b7190c5
U0179GB0396,angel112811a,1794504bcbb63deb2a554216cf7979e0
UJMTPR550,zoetwca,83b055eb3d804448ffcf8f00ff59fdf5
UTKAML1AB,peter.w,4417efd83dbc4a98068035eb7b55d72a
U017XMZJ0TC,howard.haowen,df911312635bae0226686137cdc381bf
U0JMLL80L,swind,3debac2d41ea06e68a71cf05458adc81
U0147FX15K9,hsiaoling.sherry,dc2b78c43446e56420a443ce030c955d
U017DVD9RFV,ahy05132,a5c2962ac3f583b0bb9dae9c7c9f876f
U014J9JMUMS,nicholasyau00,f049169ca74ed52c8e48f150577863bc
UBPAF1KEF,tonytonyjan,0b64cfa47f2e063b3f261177541354cd
U016ELDTG10,ethan,5ad9980ae309d96e610fec8a9ebd38af
UCCRCFTF1,nsbh4357,663750b8ab540438467c433dcb9b2452
U0136BERGFQ,tungen0972721905,c8932739ea50a51883f23dedb16acab8
U85E48F6H,sammui1223,f3e4200adf6325d838057a5e666d0ce4
U011VAMN36X,leafwind.cs,e1be4ca61f10a2f0b42daf3657720c57
UV44Y0BND,dai,1cd36703bb573748435f0bc820fef1f7
U016KUL32CQ,kiwi072400.lin,5ebed5814920ef96e03dfbd2af14bb0a
U010JU3RXNJ,vincent.mia.edie.verh,a64bbe2eec3d38d2b7c63dcef80c1cac
U014403RC6T,jennie97111,03eb6fa75517daaacab34f9b48b23c7e
U015DQ1NE0Z,yiting.lin,6dbbb5d67bafac7889dfa5b473bdf5b0
U01BXL1NYCR,caleb,e100b0d2f471db860761d63903a530d1
U01BFDG0RL7,ckpkyle,91fca6d7435247fcbb1d982272840355
UT2997VFH,ddanggle.y,54f1878c6eb949c52af3ba7cc1e9720f
U095FHEGH,ivonne,9a4150f20c638033ee24eb9ca3c8cc03
UK00BGJAU,nico550g,79f4871f80a412aeadde42f1a70b7c80
U01CDBX9BLK,xinyi1107,c778211d8c15c02c81cbb5103c9ae244
U01D8P7AC8J,ken998993,b40d51b6bf2bdff44b5df47e8ad51e85
U01DEAL9CUW,yiyanlu916,de6e1602ded2fa66c44d60fb8dae088f
UFS1QHE3A,daviddrmfsltd,f1363c7cddb7c546a837b5135cb8b50b
U2PNVERQA,neson,2367f07b8a4da5e8758c61c41e821f09
UR42QDCJG,near4234,7446c95a4eafa0bf3204f2ff21f2ca61
U01CU1PQTQF,yoyo585002,718776adee9cf27d0859c3959adb2967
U03PWUQB5,waitingrain,ef91c6961ae8901ffe170759a63889f8
U01DH9WQR9R,kouta.giants0706,362985cede1499ef80dd9c8a1821e152
U018PEQCAPK,jsaon92,484ecd77fb8064dfe71a10207c0b24c0
U01DA5L9FFF,takagishunsuke1129,2b479ed9d4960916e1e691aaae32ebfb
UT193V9NJ,jiiw.kang,e1a5da2d456787f8da7aa97be98911e2
U01E6QD89DL,multiverseufo,36e88421edcd562b11acd424c20a0eb4
U03B5NC41,supaplextw,036a85f0b70db96b9062a67a84c8b7ee
U01F6DN0Q0L,mayu3.181,1d92d1f82c737d80f199f049b9f317ab
U011XRA1XUN,taiwanbear723,520e4f879025487359506bde4e7d07a6
U018V6JR0P3,chiabinbin,872d70700b7b798a91fdbdfb39f0195d
UF6H0DCJZ,zitotw,c5d04b982aca7011e68cf6ab809c5bfc
UMXV6L6R3,fox,63221619a136c7e3b36a60dc920f9d50
UEFNYJ57V,chloeweidepei,c0b2cb59a5fa9a7829482f47ba76942b
U01AB8RE0KD,yueh.ting.chen,b58823a652c12cb6eeaf88ecf8323d4b
UB68BMQR1,jolynyc,ada41ef0b562d76e8ddcb13607d0fb6e
UV14C3URZ,liacjo4,f86c39906963f8c7d5e629009f0d33b1
UNYJANCU8,oliver8043168,398703d007825a35ea5378a06f21dc68
U01FGC4QA1L,atsdtw,74de59ea7e4ea24c76ff03970e4d8aac
U019WEP6U1Z,clairecyliu,fdfab716db3e8af077cf79ee04f71ca8
U01GBFBAEN8,minxuanni,1eb1fcdec33da1742de81a47eeb174be
U1J3MRKBQ,charlieworld,1b84597730d0fda35e4ae33bd5f28ee4
U018AJPMPP0,houpig1,489ddb1d63764565ac8885ecb66e1e06
U09H03YPR,yanyiyi,6a5b6be20f1c3181a68eceb0185e1bd7
U5PS4PKQQ,chris_wang,3e386a29c0f732080cee5eb7c83cfdc9
UTV02AB9Q,nick19980922,5fde220fe8ceb780dea0b147e7e4cd66
U01FCVAL01X,ttps860823,da8fbd998b1dfa3f2b6ee4ed964d9038
U01FZP10BDL,juiwen.chang,35271ffc0f5ee4aea1575b9a34d43b7e
U01GPLXK7L1,yudgrayman,5aa3350b9e036d4ae21c6778196294c8
U01G1KJF810,ldp4120,da551260f000fd114272a75b26cc3c1e
U01DNKBUQ6Q,joyce52057,98d2684649e4a96beaabcb8750466a01
U0124AZ73C2,viviantp6,7873dfc6c2ab8ed040e6a665d352e716
U01151DS62F,chienlingliu6,56eb96ed604d3ed0fedd7424c646bfd8
U01G3KBNJ9X,kidstarkenny,573c7617e50afdca9ebbe8042ef114ae
U01HZU00E72,ifanchu675,d4f4b120ac59d6700dd3ef83ac7d503f
U01GJJ7DPU1,asdfdsaa92,8a32227d32225eaef19011b4f1d827c6
U01G1T5HMFX,champagne0906,4148433db813836d591ab0de15622f6e
U01HZTMRQ3A,szyeefun,3b876c847306eef81ae7ff25e254454d
UT57VLFPC,zzxxcc921012,e52bc124b4cd7d308c0db7655cec1d58
U4G9XNMFA,wutingy,0f7abb5f5728240d5946e6711ed15d7a
U01K7SG7Q3D,kay682,2496063e2078fbfcdd75a3d4937621ff
U01JXVDPS5R,terry.f.wang,1f864e1dfa4d4c131fc5b87de3858beb
U01KSKR4Z6D,p408865,02bf0f1729fd54699526ae9413c51af9
U01LBP3NFB7,gajus,9a9cd79a0b6259d6013f0c1458c598cf
U01KUF914SY,chienchienchen,4e35f473f974a3f45d0421f4f51249b7
U01KG6QFV36,rrrageee,e0917bb54c056adeb2cf59cec74659b3
U01LGHZ46AF,davidtaolee,d3f2b09b99f8c100d993e9bb04551098
U01MBAZQDJL,y2468101216,dc579953eaed5b10032f47195a6fa170
U01K2DAK36J,yulang.chu,aefd30db933ff0bfc26d28d831d6e563
U01KN3E6JJF,gogofrog0610,3dca83d48f8c3c08b6b211ca5b5b5ef4
U01KDAY0GTE,dale.teyuchang,b9715c0383252a2b384244d01dad37b0
U01QWKQUY0K,carmenkuo0628,14ce65887a91cb845515886120bad18f
U01J00THYR1,anniesheng1825,ef68ea31cb30fb490328cc5d990dcb16
U01KNDB1EDC,colin.hodge,7b6af2da2f6b8e5d2c3b67efde02fd3f
UJP1941L7,audavidshwang,31216efa7dca0588f6200833371ab088
U01L46UJZAB,gn01842919,78b265de0e83857dba110af3bf8d53c1
U01L5S6PACC,a224412142009,d36d3de0402d4cd3652f0b8442a7c217
U0A9L130X,peian,a753eeb2f83ce0b88409e12329cc29ec
U01E092VA75,yutunghsiao19,3aa6f4795e675ad49f2ab6b175d90b85
U01JHAY80LX,guo-jim,4bb1e0760110c49d717f6d58038fd51e
U01M01M91FT,chenyee,dec678ac4dcd5afaee56ddbb847f45bb
U0181LLC1AP,brianchou452,0a1f2bde5ea124db2bafd9e00b405577
U01M5L18VQQ,gogog22510,541a9d7a015c1fe1ac5ed62eeb82975d
U01NH6MUEJE,alexwu0824,510ad0db2efed7d7bcb4711f59e5c145
UGUJJJ0DS,chnejohnson,03afdeb2bc97d1053728192e86d6ac86
U01RXHLNRS6,sean199401,35fb62c88624ba72e5362a5b28acc886
U01KSS3HPQU,nickyanggg,dc234c370ae88df4e829ffd40065f54c
U01KF1H4NVC,jiahe.lin,260a2eadfec765b7707e3b72cb25fb11
U01ST14PS5S,fufu1314,add89c7268f8777c48bc1fcd1f86f71f
U01L77206Q1,rico3452,a95e823c63cfeae821627f3e79610a16
U01L0V1E5LJ,jhengjhe,96fd4b683419787ffffed1ec4dd97ac5
U011HNU6UDQ,joy,5067986845ac474b94f03bd76ff4f016
U01LYHMU919,andylee1013,eb0eef543e77daa4417cf713af78fe5d
UDDM0E1U5,kwangyin.liu,6ea59d8cb49527c3b71c2d468cd9e603
U01KX0EUCC9,e850506,c50613d8ca31cb01012ad9a1094892cf
U01PDQ4DXUM,lynn520,0402b562eddcefda6dd62c83074f43f6
U01N93451UZ,chenyihuang001,5a8333086cbd5a1fab7390e789d31daa
U020NKGUV6D,hsu.yenchia,bdebf0e8f2c933025a2f74a308d2360f
URP44BE01,craig.bossley,0c03b31c07ebbaf5c4563054b5cc1538
U021F3LEHJA,me1536,64cbf8d50c9ba7f830d2de2609a78ffd
UA7S0PXST,medicalwei,15c39440f896426f6370ca37b5e497a2
U022HDT7XHN,jarvis_n,fe46d0e4cd99a1fd32dbba919d575cd1
ULR2DH21Y,uclaeve,22d5f62d527274e2f0b24d0c69721907
U021TLJ1Q9K,plurk,243c2ffbcada1e451501cf6206da4308
U01MH5HC0BE,borishuang813,9282ac318e82ff0d93a823c8390cbb90
U0221AGBX42,karmin.sphinx,437e6713843b791f0a2254650e4f63c3
U022DD44NKT,bettyvisualtech,876d1f43ba4c82188b654b4f895f5ee6
U01G27JQCJF,freddy,9319080c08ee15daae1b6173a3677a9a
UL4AGCQCB,tcheng10,aaa8ebc9047eb6ad146f77fb3acd9c03
U3GGBH8PN,kcwu,9a7901c5da262706645f2b8de2660eb1
UCQAPU0V7,sjliao,20ae5e8936ab4fd56a68a9654fd3aa25
U019CTCVCRH,penyuanhsing,a37b04574824f020c230d6984c672a32
UTMMFPM0W,jeff.lin,15482b117ab2d1290960fd986956cb71
U01QC22NX3J,ken1357924681010,b4d665a046be4d43e6214f488f899017
U022RG570SC,s09454,e03ac6c68bdc84dc62fed523c011005e
U021TL617AA,gpx.jordan,7286b1974fd811c244e8435a058c252d
U015F0UTXCM,shouldwang,5f22b6232be87ebf49fe1e681b9628c7
U01B34HD3L3,chungkai1029,0fe759def52f879ca8a28f92d767723c
U021YAEB4KX,lin.liszt,58e32c6f584533946223896ca2266355
U02226DK7FD,ducksteven,61a73e2893a0032dca1d91ff531b05d4
U021S9LFNN6,mcpeng,8c1e0aeb35c524b3d287303d3f770a9d
U0222E16126,utekidesign,7d7a083f07103da0d9b74cb6db7a9e41
U021G0MD8FR,yc97463,0593cebae52b74953859d50038ca31ac
U014YHWF8PM,innocent0705,a5b4ea03ef8fd3cbf3d86d90d6752466
U065AV80M,tonysanv,47fb10cb5815ff4c918d78e7ad13bd37
UUYRD2J0K,mhliu8,ca1cab88c05517a42c07dd36131a4ffc
U0226LY79GU,gordon890908,6c45a359f1d5ea6d056d52a566ead2a4
U0229F349MK,zxp86021,fa11c4cfaecf37b422230edd136067c9
U0221RGLEKU,archer.joy.lin,ce2b42c24325b3855f4d603162308206
U0227DDQB1A,hyy6983,dbfd45b213652a19c33f69213086934e
U0236G5MT5W,patata203302,db9fe1deee4973cf6815c3d6913154aa
U0M2FJJMD,hungmi,5e00f5bebae6f108b1c2908b6ea6d119
U021Y1SE7U7,ytsai1,8534518cccd8838a316e0c8c29f4130f
U022B5LUK4M,lue41517,3278f4fbb7161e771595b8923a87161f
U0225DX9PLK,csbobbe,e190e05f91d7e271bb53c0c05a8135b6
U01008DABS4,b95302239,0f35dcbaf40061c91dbc889301f26cd7
UU5897YFJ,zizi.chou,d841539cc49512fdba7d9bcc9ec215b9
UV6FQGX47,bolabola721,7bbc80dd49e096d8b063dca0183d35cb
U022NN1RB99,lmana.tw,2d45eeb71420e3195fb692c67cf968c1
UV45KCUG1,jjyyg1123,b6844ad064b3fd9a6bac6b9eb2fe6a48
U017P1WTGSH,kaizumaki,13592a4fa432369b12d0e2b6c2c00138
U022MJA3D5H,steno.yating,5fe2971a39093fb77289dfa24d96721c
U016X4B67LM,vivi5377,ee54b6f3083d97c29db9eab0fb676a07
UEWC5MP52,hyhsu,d40552fbdaedbbe6b7ae4d636e0d043c
U02272ERAKE,undercoverofdarkness4,5147e3f2bf3c3db485a90dba5fabbf84
U070KV2UW,ychsu,6fb09a2ce81a4d7098f2f4814f608049
UV6QG4PH7,huang.jinhan,2ad9db3fd983a9bbf1f8eeb6a8c4e121
U0221CFVDGF,yiwenwang0713,336817ee0ae907bbd1de018ac196e552
U01PKCF220M,ryanchang1117,f272f04125451ac5418208bdd4c428b8
U01DW2XA23S,zyan951231,de1d96a166fb31b964a4bab8a9e7b876
U022S9FTDGA,joe.tsai.yi,33fc5748a93eabd7fa73bace06ba2e02
U022A9HRZ0X,kanelin21,68e8c857d82a40320a1c3e73a9fd013a
U022T9D6LFN,wecing.white,997acbb20f187b6aa4dfb13053f5cc65
U022CTPQQ2E,alisaxdgogogo,4895ebe9bdde1baa13daa7f8ac7fce34
U0220Q8A8LB,shirley89225,7a9d38c8d6c8e1128f2cd5240b73811f
U0234A0EKA9,circlebeams,9e8a385080eff03bc6d9ed05d124e19b
U023XPSUKDE,leftie.tw,d7fa4e8d546cae2752de9928d1fac543
U023XK515B6,9a4b0122,30554a2a136713c524a1a1582331304f
U022LH0EPB8,yenyung.chang,9941af5d41e7e11b0515f4580af78812
U01QLQSJQ1Z,yukisama315,1fda533b89a5ccd6992905cd41df1317
U1MMPA3DW,lome,6b1833f8b6e986184ba757d40fe596ff
URRU1BJ20,areong6378,6b8908f1f2b38862ab58592951045daf
U022N1V12H3,ianvix.tw,7a99bb1edc826ce14f7bac12d139d9ec
U022JSHRVJT,tulipsfortaiwan,0350554627f2c46bd0fdfd24e9b9e551
U0DTE1EF8,jasmine820921,e599f7488c79ef16497be63f07eef671
U024HND716V,dloorvae,ddea94277725a759bfe6a5c2d31e4a40
U024565RPUY,cwnelson88,f182d7f5b658d79ddb9a27189f700a37
U023C4AP813,hikaliyeh,9dfae694ddb91cf226e685b8d4ca51b8
U6VMN9PU0,jnes41023,28b6c2a8a6c0e1af756d23af06c57c75
UD7U72EJ1,760414,957c77aff321f8ec9fae6fb9562df6c0
U023P4BNPCG,yizuotw_g0v,b09ac13a8e768a855bedc08e0ade086c
U0220KVN63U,tinach877,121ddb5fe2d09acddca1a41e923b0a3c
U021KTRB607,amouro,399dfbcc0a1d2586890ae16f803147b1
U0LG31KU5,yongjhih,53b691e23a680186f5e785400da8eebe
U020EJ5C89J,liao.shen.yi,bb4d00c53e51fd09bbc888ce265d2b79
U02370R9BDH,jacob,5e71d568ac8d8bee33a132f6a0b0d483
U0221HPTH0X,cyberbsd,409af21129ecc7c11be8d2db5aacd4de
U01364LK309,qbrasseur,df043b9a9358788ee4874afb63cf51af
U4VFFDJLA,yoyosoco,a805052476eecf3f9ea31df9323b4333
U0234S1TAPR,yixun,989f6bb374875fbcd14c858cac81e8c7
U01DA026526,aryasisnoone,49b245fab3ac9b9225a2ba8525a2c7d5
U01R63MU5MY,ted-haotian,2c5365e3d19de98134f73c742c98e08b
U023YG4ER0W,a777441a,7ee439ba6301f959dd4c1afe7092ca99
U010FV7KSF6,csc981.04,5163f64a2d8cc1c289e4f8c6b7f7ce51
U012A8DV52N,merian.chen,257a89a2f60a0ed8fc6714dc6d0c72c7
U023QGBCY79,c6427733,fa30c37d9ad6aa3a19dac7a29d5f75b8
U0246PJ5GQJ,joler32820173,5a03a8be3e15ca2c5312303bcf971a1c
UR5KEBKCN,stronghead.wu,6ff821411fe726abc517df288b2deeec
U023Q702H2T,thenhbushman,c8747dc8415bf25b1bfc9b18ea418f0a
U023Y1D0VGA,blakeyang22,5d3a0dd6b8dd461f05c3c51706203fec
U024L04CAMC,chshih22,48e21dd47abc16a9c9cbd8552f141a50
U023QGDN3JB,dj4871114,75519c34425004e82170696861d2e2c5
U023RHSF7J8,hedgerwang,2835224f6d31f54f1f263783999afee9
U025H1JFNVA,github2,6013e5a65565c7293d33345fe2579f1f
U024AQ3HZGQ,yoyohotline,40ce465c1efdb73b4529d670e6cca3d9
U0259UU2ZGQ,yt.lydia.han,9fe8abc51b45ad301342426dcc0cad2f
U025Z2Y2WSE,dabreegster,7a8a411f512c77d09ad44a2dc941defb
U026622SRFD,uxbackpacker,dd603858c98c719c907e03c612bda730
UBZMF2SUX,xji6fu6,b4907216fb1fc61dc7bd8d0087048409
U01PV5JFW3X,staluo20,96375ea93db1fe9ee31133aa309be00a
U01BVC5JLQ1,jared.scott,ac7ea98c42b03c2f9b16e8b27fedfe64
U025NJN974L,lu.phrank,da5da3be3faa1b5f186c3eb2504575d4
U0257EW1WKZ,kz.g0v-tw,e0171f4ea0adbc92154ade42cf96f716
U0M9RUAMN,ichsu,6c562aab4da299298185755b3857870e
U027X4AGQFP,s0023115,a4df26e05d9f6fddac6063d72f8f807a
U0102BEUM2A,ldsfish0307,c2654f783306c619fc6b1409ab80fcd8
U021XKT4529,lucia761126,9b1a04c5bf71612adbb355110413ca02
U027X19QFKR,irischengyi,fd83fbfc1a197c7cd90be83277e2f90e
U028A54ND32,a0968488848,d65bf1a39513c64515c8192c7fb2b5fb
U01K31NTFRR,paul.bjhsu,caf83e166c69857e9595e6978362a76a
U028EEFKWL8,maureen.hsu,ee9ca07c162ef368bc68400d4bfb8452
U026L8KEQ9M,profmikechen,28f5be5c36e95a5db811927c3089702d
U02950LRMPD,to,80ec60c87626f90010d65d2057d4dae3
U021XTAA1AT,shiva.huang,fd6f188f20dd9e0f92f21439c8ba58c8
UUD5AQ07P,dchensterebay,5b66e91e404c329650f7e1e3f6486d41
U01QS5RGGTV,maggiekim35,cbcca242c8e4905c9f72d8941cb37c2e
U024K7PCQJU,101adzen,a94701f3841ea612ca5ce83738365eef
USLLR5FML,ycdzeng,d153f72e9d50ab321b67502d1887714a
U028KNJ9WT0,joy9399,1cf638d1406753dd2a701fd191f5a710
U02A58HM5QQ,tico88612,2c24dd96b554224752b908feac084696
U028AK26ZKL,chloe858373840,d02265ba22ca3fd7d4720a44cebe25b4
U027VGDCTD4,clhuang21,3435310c5a3b6f3259a18b5510fc1a25
U01C7MM305N,enregistrements,b07e62d638bc3586ff51ac433178ecf4
U026FCSMMU1,joanmirochen,90a509e3cf4a7f4e1652a691ee5ad0b9
U1E5AL6A0,advancedor96,8788fe419dd0dd34cd8b80fca67324ca
U020U5NEVJQ,tonychen9321,7f2c7dc51aa898c6a43e72275cd0cf2a
U027VNHGQQP,a0901007580,d52fb9660f72b1d0d45bbd5135e45ab7
U026DB2AGD8,samuel.c.a.lee,162dfed0ba838eeb0207de7e94242884
U027HM373PX,herberttsao,e3e5ffd9b3291469e4848b551cfdb1a4
U026TKG0605,s864372002,ec1d2e9ec05c99a5205f0c4939e59eec
U029RPXNBJR,analeigh.jothon,f2990d6c3564f0bacf1296b13d6621ab
U016X9JT15E,anna.marti,276a8689e36003a8737c2be9f4a19167
U01C6NXLL5V,jfqueralt,63b899c38a5ed436aef2d97854d425a3
U02BV2ESLFN,alex0952541263,475de0b1da5eecc800cb3765009633bc
U01R4AG9Q3A,gustavodias,832e738f704e2ab0cb34f00455197aea
U02AULG8Z1R,contactfromg0vslack,e753863081b58a114ca97ad63bdcbfa1
U02BHMPUCP7,hny6109,9facc93f360740fd33f71cc83ffb2fef
U0275NFETK9,ft.wwe2012,349ca387d340c1d0932b53fbb0962632
UT9G3GDNV,moogoo78,7af253c22d4191e6b451b84259aeb32c
U02AP3G8TEC,wnb210,d8be17f569906289d8236f3700c1e5e8
U02CL3S8MQX,holaamy2007,b17097e5f22ab09f8cfcd7cd3dea9a4e
U023T3STK8B,venus841113,0f3543baa8af1bdc4e2a34ee1baa8898
U0291SW0E0L,mar,3987b24068490a7932e2f3c4064bb04c
U01P284MEES,dz352,788c172c7df6692d5cef17511acc98b6
U02DGCZNV0U,chiameitu,45fb3fe02b586a27c7da0592b0631f10
U02DMUP4WS0,dave960127,740f63a8d0aed65b384b9e2ee25b0913
U02932FUV19,hypothesquerelle,8bf6e25bd52ea0c19c19319501adb5f4
U02DMN3UZN0,dianyangfu,f10a56bafc9c2ed8f83019fdbac49146
U02JCNFQACX,ken200203231,21603ab04018cbd0fec036e80644d8bc
U02H67ECYTT,aurora90376,d07bc71d1b901091b93a37feae8ea4a2
U02E9C8B42U,joshuacyyang,057e385f5df76dfca1650d38575d29d4
UV0L8CQSY,wer321011,a1761d3d325d7df7c4a9da18fb182627
U02JFLCM5GV,jiangchenghans,9941db4a8668a285e55eb9f953da55ca
UEZEHQ9D2,g11145590,f8f0cf21a2afbaf469eedf6a27d7fa24
U01G7TZNQGZ,hwu,e3ab296593ca2f0d76982328388247e9
U028F3FT6TA,zxc32496428,7b767759b519416127bf65769439ee90
U03H77N94,aj726,2d76918a635ffc0428d09437bb3765ca
U02HEV0Q9NX,paula844,5441e4f63531c08e58416fb3d4661d7c
U02JR73CB6F,qazx142www,30a2c47e76730644633d0e0c153cb087
U02PZEE118X,fatehihasnaa,4cd5c78e62f99b2ade61bb2590ec53d5
U02Q62XHLT0,pengzhengchen7,128e98fd886d9ebc1588f9589a8d2201
U01RFHKNZGF,physics5372,e9ba863ae475ea80ce69b603c87ad1af
U0115NUKCLB,cpckewang,6023b7a553b403dcd1b4d625b2e48934
U02L1RT0729,yanghaochang1004,c3aa8d7f0271b319ffe392442bf84c1e
U02Q5SZ7RPY,stluke.huang,2ff0853cf5bd6002c5cbde307eb4d0f7
U02N4QTSPRD,kevinluo201,38781fa037a60cfad26bcf88b1482bc7
U02PXP4RSJU,litingchen16,f57f2a29f628ae715ebdfec465f1d7bf
U02NLD7BJBH,mettaluxury,f3a544bbf5303f1f991643c80ee9d05b
U0306G6RUTD,d_.murray,8660514b219be3a08777137fbe000dac
U01ML5Z9YEA,sansword,d396b474908e2b506cd0f7d244bdf795
U02BF36DE8L,hctsai.be10,1f1f2aa983bcdd380cce78180b756cd2
U02QCSB7SQK,cordura87,f1b71f878a8adc814dcce2f60da918fb
U0268N1J1CL,lovekangaroo0126,198570747f87b9e3418ab89896f6059a
UC3BUR97Y,andyy0216,677b0c37a972361b8a26ea676fab5209
U02PFCBECQK,r08322016,0359da3b2158757be696c9ef673667d6
U02QNBHJCSW,yawei.chou,4e663648564dc0aa4aee1e424e0c89f2
U02Q9SGEU3V,thelilyinwater,f10fb11cd0efc8fc0bc6b3d8e5b74632
UTHUYC0AW,ss880309,199454b1d53dcc59d16717a8190998c3
U035P5QV2HG,averyying2022,f49ccce4cbcb281c7d4f1bf7b2b2e03e
U01PTEYQZSS,peii,6d287568d1ed26afb7fddec56a7593cb
U037SEKA2TZ,charles972,c95477ae17417d7ed84da552f0f678b4
U017JDSS0CC,yucecca,c0436273295210005e4dcb59c69ebd2a
UDWE5RZ2B,joke0111,2d7fbcec98724c20f455e9778d4d97d6
U01JE5WGTKL,acme,72c3ecf7bdbef0f7854d28fe07647154
U038351RD0W,hongchiachi,d72aa34b39a478741d2a02bcb6031b92
U039U92UV6F,tuhsinfang,9b197e8c39e0681c4c48a35bbdbb9360
UTUGPKVT4,nova1219,a7bf6e6c4d1a0b317d8df6469e6a7f25
U03CNUZHYH5,a0952685516,c6aee41564fa5efe56287d99d05bf60e
U03D5T6A8PN,shuian,66b3f6751c4593f84c7b515a0690c8a9
U03CZV503B6,chen.chishun,32c9c06cb7b6b1ae8e756732fa411651
U03U1DWAR,taichunmin,693157cc0dee4ef92c6cf79c68e69dc9
UTT27ESPR,cholihi1210,c5833ab62cfbb8a491dfac3d49ac51b4
U030VA19X0F,rrt467778,e56eeae5f8fe73420f216067afb31417
U03DLG9UBD2,achi27,0f3f9e0f88f8cdbb014ea868552efc62
U02NNHPDM0E,hazeltschien,b8bd2fb64aefb0e9e6894240b18e251b
U03A709U8KC,ssuyuan.huang,4d5fe03f3d8458db7ac69b0a5da09f96
U03GXE8P9,yhsu,2de4ce753bc3261a884f89683ebc3a33
U022QNUM70Q,pan93412,5e7f5cf2745adf8a55213166015c820e
U02TXJFDVK5,elisatychang,c24fd2353e5aad52f1a0597d7b5fc501
UDGLHB343,oldmon,7cad7d25269d1a64d014ccb93244ff25
UD7NDNPV0,helenhan25,656d853ce6f0522942f6cdfd48dcc09e
U032SPNRJ94,yvonnetfg,e0b3ca604f354cbe3b853699245e508b
U0125FVBB16,smalying6,6dd814991bf3a5f0363364df49651082
U012X0XDGTZ,j61120713,2a7e1aa32339e768f2865b41efbb5aff
U03EXEG8H1C,oscar20020629,5620c27273b2eca3e3329d151f64e460
U03DYHLESHE,nick.h.chang,aa458aed2489fde01967d7d0d1da0f18
